{"options":{"check_for_updates":true,"user_modified":null,"comment":null,"compatopts_for_requires":true,"compat_wrappedjsobject":false,"compat_metadata":false,"compat_foreach":false,"compat_powerful_this":null,"sandbox":null,"noframes":null,"unwrap":null,"run_at":null,"tab_types":null,"override":{"use_includes":[],"orig_includes":[],"merge_includes":true,"use_matches":[],"orig_matches":["https://play.google.com/*","http://play.google.com/*","http://apkfind.com/store/captcha?app=*"],"merge_matches":true,"use_excludes":[],"orig_excludes":[],"merge_excludes":true,"use_connects":[],"orig_connects":["self","apkpure.com","apkfind.com","apk-cloud.com","winudf.com","apkcombo.com","down-apk.com","play.googleapis.com","gvt1.com","apkpremier.com"],"merge_connects":true,"use_blockers":[],"orig_run_at":"document-idle","orig_noframes":null}},"settings":{"enabled":true,"position":12},"meta":{"name":"Direct download from Google Play","uuid":"0f26da9d-a6fe-43f2-a3ed-d5c116a3ebad","modified":1695211983721,"file_url":"https://greasyfork.org/scripts/33005-direct-download-from-google-play/code/Direct%20download%20from%20Google%20Play.user.js"}}