{"options":{"check_for_updates":true,"user_modified":null,"comment":null,"compatopts_for_requires":true,"compat_wrappedjsobject":false,"compat_metadata":false,"compat_foreach":false,"compat_powerful_this":null,"sandbox":null,"noframes":null,"unwrap":null,"run_at":null,"tab_types":null,"override":{"use_includes":[],"orig_includes":[],"merge_includes":true,"use_matches":[],"orig_matches":["https://*.economist.com/*"],"merge_matches":true,"use_excludes":[],"orig_excludes":[],"merge_excludes":true,"use_connects":[],"orig_connects":[],"merge_connects":true,"use_blockers":[],"orig_run_at":"document-idle","orig_noframes":null}},"settings":{"enabled":true,"position":9},"meta":{"name":"「永久更新」🐹economist经济学人免费看，全部解锁，并移出了广告","uuid":"6c4a49d4-5555-4c64-8275-17707f14b60e","modified":1701277321002,"file_url":"https://update.greasyfork.org/scripts/449408/%E3%80%8C%E6%B0%B8%E4%B9%85%E6%9B%B4%E6%96%B0%E3%80%8D%F0%9F%90%B9economist%E7%BB%8F%E6%B5%8E%E5%AD%A6%E4%BA%BA%E5%85%8D%E8%B4%B9%E7%9C%8B%EF%BC%8C%E5%85%A8%E9%83%A8%E8%A7%A3%E9%94%81%EF%BC%8C%E5%B9%B6%E7%A7%BB%E5%87%BA%E4%BA%86%E5%B9%BF%E5%91%8A.user.js"}}