{"options":{"check_for_updates":true,"user_modified":null,"comment":null,"compatopts_for_requires":true,"compat_wrappedjsobject":false,"compat_metadata":false,"compat_foreach":false,"compat_powerful_this":null,"sandbox":null,"noframes":null,"unwrap":null,"run_at":null,"tab_types":null,"override":{"use_includes":[],"orig_includes":[],"merge_includes":true,"use_matches":[],"orig_matches":["*://www.merriam-webster.com/dictionary/*","*://www.ldoceonline.com/dictionary/*","*://dictionary.cambridge.org/dictionary/english/*","*://www.vocabulary.com/dictionary/*","*://www.collinsdictionary.com/dictionary/english/*","*://www.oxfordlearnersdictionaries.com/definition/english/*","*://www.britannica.com/dictionary/*","*://www.macmillandictionary.com/dictionary/british/*","*://www.etymonline.com/search?q=*","*://cn.bing.com/dict/search?q=*","*://www.urbandictionary.com/define.php?term=*","*://en.wikipedia.org/wiki/*","*://www.voicetube.com/definition/*","*://dict.youdao.com/w/*","*://dict.eudic.net/dicts/en/*","*://fanyi.sogou.com/text?keyword=*","*://www.jukuu.com/search.php?q=*","*://www.91dict.com/words*","*://www.zdic.net/hans/*","*://www.moedict.tw/*","*://youglish.com/pronounce/*","*://www.dictionary.com/browse/*","*://www.eigochigai.com/search?q=*","*://en.wiktionary.org/wiki/*"],"merge_matches":true,"use_excludes":[],"orig_excludes":[],"merge_excludes":true,"use_connects":[],"orig_connects":[],"merge_connects":true,"use_blockers":[],"orig_run_at":"document-body","orig_noframes":null}},"settings":{"enabled":true,"position":7},"meta":{"name":"在线辞典切换器 / Online Dictionary Switcher","uuid":"03074adc-2788-4aad-a3df-8c65a4f38ec1","modified":1662402905947,"file_url":"https://greasyfork.org/scripts/446974-%E5%9C%A8%E7%BA%BF%E8%BE%9E%E5%85%B8%E5%88%87%E6%8D%A2%E5%99%A8-online-dictionary-switcher/code/%E5%9C%A8%E7%BA%BF%E8%BE%9E%E5%85%B8%E5%88%87%E6%8D%A2%E5%99%A8%20%20Online%20Dictionary%20Switcher.user.js"}}