{"options":{"check_for_updates":true,"user_modified":null,"comment":null,"compatopts_for_requires":true,"compat_wrappedjsobject":false,"compat_metadata":false,"compat_foreach":false,"compat_powerful_this":null,"sandbox":null,"noframes":null,"unwrap":null,"run_at":null,"tab_types":null,"override":{"use_includes":[],"orig_includes":[],"merge_includes":true,"use_matches":[],"orig_matches":["*://www.baidu.com/s*","*://www.baidu.com/baidu*","*://duckduckgo.com/*","*://search.brave.com/search*","*://www.google.com/search*","*://www.google.com.hk/search*","*://weixin.sogou.com/weixin*","*://www.bing.com/search*","*://cn.bing.com/search*","*://www.zhihu.com/search*","*://search.cnki.com.cn/Search/Result*","*://www.sogou.com/web*","*://fsoufsou.com/search*","*://neeva.com/search*"],"merge_matches":true,"use_excludes":[],"orig_excludes":[],"merge_excludes":true,"use_connects":[],"orig_connects":[],"merge_connects":true,"use_blockers":[],"orig_run_at":"document-body","orig_noframes":null}},"settings":{"enabled":true,"position":6},"meta":{"name":"搜索引擎切换器 / Search Engine Switcher","uuid":"7b90c042-80a4-467d-90e6-5f98615a589a","modified":1660358947690,"file_url":"https://greasyfork.org/scripts/446492-%E6%90%9C%E7%B4%A2%E5%BC%95%E6%93%8E%E5%88%87%E6%8D%A2%E5%99%A8-search-engine-switcher/code/%E6%90%9C%E7%B4%A2%E5%BC%95%E6%93%8E%E5%88%87%E6%8D%A2%E5%99%A8%20%20Search%20Engine%20Switcher.user.js"}}