{"options":{"check_for_updates":true,"user_modified":null,"comment":null,"compatopts_for_requires":true,"compat_wrappedjsobject":false,"compat_metadata":false,"compat_foreach":false,"compat_powerful_this":null,"sandbox":null,"noframes":null,"unwrap":null,"run_at":null,"tab_types":null,"override":{"use_includes":[],"orig_includes":["*"],"merge_includes":true,"use_matches":[],"orig_matches":[],"merge_matches":true,"use_excludes":[],"orig_excludes":[],"merge_excludes":true,"use_connects":[],"orig_connects":[],"merge_connects":true,"use_blockers":[],"orig_run_at":"document-idle","orig_noframes":true}},"settings":{"enabled":true,"position":10},"meta":{"name":"為什麼你們就是不能加個空格呢？","uuid":"59a13e12-7d2c-479e-94f3-f11578dd1ffb","modified":1670515901491,"file_url":"https://greasyfork.org/scripts/2185-%E7%82%BA%E4%BB%80%E9%BA%BC%E4%BD%A0%E5%80%91%E5%B0%B1%E6%98%AF%E4%B8%8D%E8%83%BD%E5%8A%A0%E5%80%8B%E7%A9%BA%E6%A0%BC%E5%91%A2/code/%E7%82%BA%E4%BB%80%E9%BA%BC%E4%BD%A0%E5%80%91%E5%B0%B1%E6%98%AF%E4%B8%8D%E8%83%BD%E5%8A%A0%E5%80%8B%E7%A9%BA%E6%A0%BC%E5%91%A2%EF%BC%9F.user.js"}}