{"options":{"check_for_updates":true,"user_modified":null,"comment":null,"compatopts_for_requires":true,"compat_wrappedjsobject":false,"compat_metadata":false,"compat_foreach":false,"compat_powerful_this":null,"sandbox":null,"noframes":null,"unwrap":null,"run_at":null,"tab_types":null,"override":{"use_includes":[],"orig_includes":["http*://www.baidu.com/*","http*://m.baidu.com/*"],"merge_includes":true,"use_matches":[],"orig_matches":[],"merge_matches":true,"use_excludes":[],"orig_excludes":[],"merge_excludes":true,"use_connects":[],"orig_connects":[],"merge_connects":true,"use_blockers":[],"orig_run_at":"document-start","orig_noframes":null}},"settings":{"enabled":true,"position":5},"meta":{"name":"百度广告(首尾推广及右侧广告)清理","uuid":"89e61b88-2c34-46df-aac5-25e516725474","modified":1652517744519,"file_url":"https://greasyfork.org/scripts/24192-%E7%99%BE%E5%BA%A6%E5%B9%BF%E5%91%8A-%E9%A6%96%E5%B0%BE%E6%8E%A8%E5%B9%BF%E5%8F%8A%E5%8F%B3%E4%BE%A7%E5%B9%BF%E5%91%8A-%E6%B8%85%E7%90%86/code/%E7%99%BE%E5%BA%A6%E5%B9%BF%E5%91%8A(%E9%A6%96%E5%B0%BE%E6%8E%A8%E5%B9%BF%E5%8F%8A%E5%8F%B3%E4%BE%A7%E5%B9%BF%E5%91%8A)%E6%B8%85%E7%90%86.user.js"}}