{"options":{"check_for_updates":true,"user_modified":null,"comment":null,"compatopts_for_requires":true,"compat_wrappedjsobject":false,"compat_metadata":false,"compat_foreach":false,"compat_powerful_this":null,"sandbox":"JavaScript","noframes":null,"unwrap":null,"run_at":null,"tab_types":null,"override":{"use_includes":[],"orig_includes":[],"merge_includes":true,"use_matches":[],"orig_matches":["*://www.zhihu.com/*","*://zhuanlan.zhihu.com/*"],"merge_matches":true,"use_excludes":[],"orig_excludes":["https://www.zhihu.com/signin*"],"merge_excludes":true,"use_connects":[],"orig_connects":[],"merge_connects":true,"use_blockers":[],"orig_run_at":"document-end","orig_noframes":null}},"settings":{"enabled":true,"position":1},"meta":{"name":"知乎增强","uuid":"ca7e546f-da34-42f6-9dd1-1924bfca53c9","modified":1701277320857,"file_url":"https://update.greasyfork.org/scripts/419081/%E7%9F%A5%E4%B9%8E%E5%A2%9E%E5%BC%BA.user.js"}}