{"options":{"check_for_updates":true,"user_modified":null,"comment":null,"compatopts_for_requires":true,"compat_wrappedjsobject":false,"compat_metadata":false,"compat_foreach":false,"compat_powerful_this":null,"sandbox":null,"noframes":null,"unwrap":null,"run_at":null,"tab_types":null,"override":{"use_includes":[],"orig_includes":[],"merge_includes":true,"use_matches":[],"orig_matches":["http*://*.cnki.net/*","http*://*.cnki.net.*/*","http*://*/kns8/DefaultResult/*","http*://*/defaultResult/index*","http*://i-cnki-net-s.*/*","http*://*/kns8s/AdvSearch*","http*://*/kcms/detail/detail.aspx*"],"merge_matches":true,"use_excludes":[],"orig_excludes":["http://image.cnki.net/*"],"merge_excludes":true,"use_connects":["kns.cnki.net","chn.oversea.cnki.net","bar.cnki.net","cnki.net"],"orig_connects":[],"merge_connects":true,"use_blockers":[],"orig_run_at":"document-idle","orig_noframes":null}},"settings":{"enabled":true,"position":2},"meta":{"name":"知网PDF下载助手","uuid":"3c8de8aa-6aae-4d4a-ab3f-751df86432ef","modified":1697430869117,"file_url":"https://greasyfork.org/scripts/390733-%E7%9F%A5%E7%BD%91pdf%E4%B8%8B%E8%BD%BD%E5%8A%A9%E6%89%8B/code/%E7%9F%A5%E7%BD%91PDF%E4%B8%8B%E8%BD%BD%E5%8A%A9%E6%89%8B.user.js"}}